<application>
  <component name="CodeFoldingSettings">
    <option name="COLLAPSE_METHODS" value="true" />
    <option name="COLLAPSE_DOC_COMMENTS" value="true" />
    <option name="COLLAPSE_CUSTOM_FOLDING_REGIONS" value="true" />
  </component>
  <component name="CodeInsightSettings">
    <option name="selectAutopopupSuggestionsByChars" value="true" />
    <option name="AUTO_POPUP_JAVADOC_INFO" value="true" />
    <option name="JAVADOC_INFO_DELAY" value="50" />
    <option name="SELECT_AUTOPOPUP_SUGGESTIONS_BY_CHARS" value="true" />
    <option name="HIGHLIGHT_SCOPE" value="true" />
    <option name="ADD_UNAMBIGIOUS_IMPORTS_ON_THE_FLY" value="true" />
  </component>
  <component name="CodeVisionSettings">
    <option name="codeVisionGroupToPosition">
      <map>
        <entry key="change.signature" value="Default" />
        <entry key="gittoolbox.code.vision.blame.changeDate" value="Default" />
        <entry key="gittoolbox.code.vision.blame.issueNav" value="Default" />
        <entry key="inheritors" value="Default" />
        <entry key="problems" value="Default" />
        <entry key="references" value="Default" />
        <entry key="rename" value="Default" />
        <entry key="vcs.code.vision" value="Default" />
      </map>
    </option>
    <option name="defaultPosition" value="Right" />
  </component>
  <component name="DaemonCodeAnalyzerSettings">
    <option name="AUTOREPARSE_DELAY" value="0" />
    <option name="SHOW_METHOD_SEPARATORS" value="true" />
  </component>
  <component name="DeclarativeInlayHintsSettings">
    <option name="enabledOptions">
      <map>
        <entry key="kotlin.lambdas.hints#hints.lambda.receivers.parameters" value="false" />
        <entry key="kotlin.lambdas.hints#hints.lambda.return" value="false" />
        <entry key="kotlin.references.types.hints#hints.type.function.parameter" value="false" />
        <entry key="kotlin.references.types.hints#hints.type.function.return" value="false" />
        <entry key="kotlin.references.types.hints#hints.type.property" value="false" />
        <entry key="kotlin.references.types.hints#hints.type.variable" value="false" />
      </map>
    </option>
    <option name="providerIdToEnabled">
      <map>
        <entry key="groovy.implicit.null.argument" value="true" />
        <entry key="groovy.lambda.parameter.inlay.provider" value="true" />
        <entry key="groovy.local.variable.implicit.types" value="true" />
        <entry key="java.annotation.hints" value="true" />
        <entry key="java.implicit.lambdaParameter" value="true" />
        <entry key="java.implicit.types" value="false" />
        <entry key="java.method.chains" value="true" />
        <entry key="kotlin.compiler.plugins.modality" value="true" />
        <entry key="kotlin.compiler.plugins.supertypes" value="true" />
        <entry key="kotlin.lambdas.hints" value="false" />
        <entry key="kotlin.method.chains" value="false" />
        <entry key="kotlin.parameters.hints" value="true" />
        <entry key="kotlin.references.types.hints" value="false" />
        <entry key="kotlin.values.hints" value="true" />
        <entry key="qodana.yaml.inspection.descriptions" value="true" />
      </map>
    </option>
  </component>
  <component name="EditorSettings">
    <option name="languageBreadcrumbsMap">
      <map>
        <entry key="HTML" value="true" />
        <entry key="JAVA" value="true" />
        <entry key="JSON" value="true" />
        <entry key="XML" value="true" />
        <entry key="yaml" value="true" />
      </map>
    </option>
    <option name="USE_SOFT_WRAPS" value="MAIN_EDITOR:CONSOLE" />
    <option name="SOFT_WRAP_FILE_MASKS" value="*.md; *.txt; *.rst; *.adoc,*.java,*.jsp,*.html" />
    <option name="VERTICAL_SCROLL_OFFSET" value="0" />
    <option name="STRIP_TRAILING_SPACES" value="None" />
    <option name="REMOVE_TRAILING_BLANK_LINES" value="true" />
    <option name="IS_RIGHT_MARGIN_SHOWN" value="false" />
    <option name="IS_FOLDING_ENDINGS_SHOWN" value="true" />
    <option name="SHOW_STICKY_LINES" value="false" />
    <option name="IS_WHEEL_FONTCHANGE_ENABLED" value="true" />
  </component>
  <component name="InlayHintsSettings">
    <option name="lastViewedProviderKeyId" value="Markdown.MarkdownTableInlayProviderSettingsKey" />
  </component>
  <component name="InlineCompletionOnboarding">
    <option name="onboardingFinished" value="true" />
  </component>
  <component name="JavaCodeFoldingSettings">
    <option name="collapseAccessors" value="true" />
    <option name="collapseAnnotations" value="true" />
    <option name="collapseAnonymousClasses" value="true" />
    <option name="collapseEndOfLineComments" value="true" />
    <option name="collapseInnerClasses" value="true" />
    <option name="collapseMultilineComments" value="true" />
    <option name="replaceVarWithInferredType" value="true" />
  </component>
  <component name="MarkdownCodeFoldingSettings">
    <option name="collapseCodeFences" value="true" />
    <option name="collapseTables" value="true" />
  </component>
</application>