<application>
  <component name="FileTypeManager" version="19">
    <ignoreFiles list="*.cmd;*.log;*.pyc;*.pyo;*.rbc;*.yarb;*~;.DS_Store;.classpath;.git;.hg;.idea;.mvn;.mypy_cache;.project;.pytest_cache;.ruff_cache;.settings;.smarttomcat;.svn;.vscode;CVS;__pycache__;_svn;vssver.scc;vssver2.scc" />
    <extensionMap>
      <removed_mapping ext="jsp" approved="true" type="HTML" />
      <removed_mapping ext="jsp" approved="true" type="JSP" />
      <removed_mapping ext="log" approved="true" type="PLAIN_TEXT" />
    </extensionMap>
  </component>
</application>