<application>
  <component name="GeneralSettings">
    <option name="autoSaveIfInactive" value="true" />
    <option name="confirmExit" value="false" />
    <option name="confirmOpenNewProject2" value="0" />
    <option name="processCloseConfirmation" value="TERMINATE" />
  </component>
  <component name="Registry">
    <entry key="ide.experimental.ui" value="true" source="SYSTEM" />
    <entry key="moved.to.new.ui" value="true" source="SYSTEM" />
  </component>
  <component name="StatusBar">
    <option name="widgets">
      <map>
        <entry key="AutocompleteSpinnerWidget" value="false" />
        <entry key="CodeStyleStatusBarWidget" value="false" />
        <entry key="CwmWireStatsWidgetFactory" value="false" />
        <entry key="Encoding" value="false" />
        <entry key="LanguageServiceStatusBarWidget" value="false" />
        <entry key="LineSeparator" value="false" />
        <entry key="Position" value="false" />
        <entry key="ReadOnlyAttribute" value="false" />
        <entry key="com.tabnine.statusBar.StatusBarPromotionProvider" value="false" />
        <entry key="com.tabnine.statusBar.StatusBarProvider" value="false" />
        <entry key="git" value="true" />
      </map>
    </option>
  </component>
</application>