<application>
  <component name="SettingsSyncSettings">
    <option name="disabledSubcategories">
      <map>
        <entry key="PLUGINS">
          <value>
            <list>
              <option value="Lombook Plugin" />
              <option value="com.intellij.plugins.vscodekeymap" />
              <option value="manjaro.mpb" />
              <option value="software.xdev.saveactions" />
            </list>
          </value>
        </entry>
      </map>
    </option>
    <option name="syncEnabled" value="true" />
  </component>
</application>