<application>
  <component name="Trusted.Paths">
    <option name="TRUSTED_PROJECT_PATHS">
      <map>
        <entry key="C:\Users\dinak\IdeaProjects\Logmanager" value="true" />
        <entry key="E:\CHROME DOWNLOADS\worktracker" value="true" />
        <entry key="E:\worktracker" value="true" />
      </map>
    </option>
  </component>
  <component name="Trusted.Paths.Settings">
    <option name="TRUSTED_PATHS">
      <list>
        <option value="C:\Users\dinak\IdeaProjects" />
        <option value="E:\CHROME DOWNLOADS" />
        <option value="E:\" />
      </list>
    </option>
  </component>
</application>