<application>
  <component name="DimensionService">
    <size key="GridCell.Tab.0.left.0.0.1921.1081@115dpi" width="1843" height="679" />
    <size key="GridCell.Tab.0.center.0.0.1921.1081@115dpi" width="1843" height="679" />
    <size key="GridCell.Tab.0.right.0.0.1921.1081@115dpi" width="1843" height="679" />
    <size key="GridCell.Tab.0.bottom.0.0.1921.1081@115dpi" width="1843" height="679" />
  </component>
  <component name="WindowManager">
    <frame x="119" y="22" width="1679" height="988" extendedState="6" />
  </component>
</application>