<keymap version="1" name="Visual Studio copy" parent="Visual Studio">
  <action id="ActivateAugmentToolWindow">
    <keyboard-shortcut first-keystroke="ctrl i" />
  </action>
  <action id="ActivateRunToolWindow">
    <keyboard-shortcut first-keystroke="ctrl back_quote" />
  </action>
  <action id="Arrangement.Alias.Rule.Match.Condition.Move.Down" />
  <action id="Arrangement.Rule.Group.Condition.Move.Down" />
  <action id="Arrangement.Rule.Group.Condition.Move.Up" />
  <action id="Arrangement.Rule.Match.Condition.Move.Down" />
  <action id="Arrangement.Rule.Match.Condition.Move.Up" />
  <action id="CodeCompletion">
    <keyboard-shortcut first-keystroke="ctrl space" />
  </action>
  <action id="CollapseAllRegions">
    <keyboard-shortcut first-keystroke="alt c" />
  </action>
  <action id="CommentByLineComment">
    <keyboard-shortcut first-keystroke="ctrl slash" />
  </action>
  <action id="CompareTwoFiles" />
  <action id="Diff.ShowDiff" />
  <action id="EditorDuplicate">
    <keyboard-shortcut first-keystroke="shift alt down" />
  </action>
  <action id="EditorJoinLines" />
  <action id="EditorToggleUseSoftWraps">
    <keyboard-shortcut first-keystroke="alt z" />
  </action>
  <action id="ExpandAll">
    <keyboard-shortcut first-keystroke="ctrl equals" />
  </action>
  <action id="ExpandAllRegions">
    <keyboard-shortcut first-keystroke="ctrl m" second-keystroke="x" />
    <keyboard-shortcut first-keystroke="ctrl m" second-keystroke="ctrl x" />
    <keyboard-shortcut first-keystroke="alt o" />
  </action>
  <action id="ExpandExpandableComponent">
    <keyboard-shortcut first-keystroke="shift enter" />
    <keyboard-shortcut first-keystroke="ctrl equals" />
  </action>
  <action id="ExportToTextFile" />
  <action id="ExternalSystem.ExpandAll">
    <keyboard-shortcut first-keystroke="ctrl equals" />
  </action>
  <action id="FileChooser.GotoDesktop" />
  <action id="GuiDesigner.Duplicate" />
  <action id="Images.Editor.ActualSize">
    <keyboard-shortcut first-keystroke="ctrl divide" />
  </action>
  <action id="Images.Editor.ZoomIn">
    <keyboard-shortcut first-keystroke="ctrl equals" />
  </action>
  <action id="IncrementalSearch" />
  <action id="Maven.ExpandAll">
    <keyboard-shortcut first-keystroke="ctrl equals" />
  </action>
  <action id="MethodDown" />
  <action id="MethodUp" />
  <action id="MoveLineDown">
    <keyboard-shortcut first-keystroke="alt down" />
  </action>
  <action id="MoveLineUp">
    <keyboard-shortcut first-keystroke="alt up" />
  </action>
  <action id="OpenInlineChatAction">
    <keyboard-shortcut first-keystroke="shift ctrl g" />
  </action>
  <action id="RunDashboard.CopyConfiguration" />
  <action id="SelectAllOccurrences" />
  <action id="SelectNextOccurrence">
    <keyboard-shortcut first-keystroke="ctrl d" />
  </action>
  <action id="SendEOF" />
  <action id="ShowBookmarks">
    <keyboard-shortcut first-keystroke="ctrl k" second-keystroke="w" />
    <keyboard-shortcut first-keystroke="ctrl k" second-keystroke="ctrl w" />
  </action>
  <action id="ShowContent" />
  <action id="ShowSearchHistory" />
  <action id="ShowSettings">
    <keyboard-shortcut first-keystroke="s" second-keystroke="s" />
  </action>
  <action id="SwitchHeaderSource">
    <keyboard-shortcut first-keystroke="ctrl k" second-keystroke="o" />
    <keyboard-shortcut first-keystroke="ctrl k" second-keystroke="ctrl o" />
  </action>
  <action id="SwitchIdeScaleAction">
    <keyboard-shortcut first-keystroke="ctrl add" />
  </action>
  <action id="Terminal.CloseSession" />
  <action id="UsageFiltering.Imports" />
  <action id="UsageView.ShowRecentFindUsages" />
  <action id="XDebugger.CopyWatch" />
  <action id="org.intellij.plugins.markdown.ui.actions.styling.ToggleItalicAction" />
</keymap>