<code_scheme name="Default" version="173">
  <XML>
    <option name="XML_KEEP_BLANK_LINES" value="1" />
    <option name="XML_SPACE_AROUND_EQUALITY_IN_ATTRIBUTE" value="true" />
  </XML>
  <codeStyleSettings language="JAVA">
    <option name="KEEP_LINE_BREAKS" value="false" />
    <option name="KEEP_BLANK_LINES_IN_DECLARATIONS" value="1" />
    <option name="KEEP_BLANK_LINES_IN_CODE" value="0" />
    <option name="KEEP_BLANK_LINES_BETWEEN_PACKAGE_DECLARATION_AND_HEADER" value="1" />
    <option name="KEEP_BLANK_LINES_BEFORE_RBRACE" value="0" />
    <option name="BLANK_LINES_BEFORE_IMPORTS" value="0" />
    <option name="BRACE_STYLE" value="2" />
    <option name="CLASS_BRACE_STYLE" value="2" />
    <option name="METHOD_BRACE_STYLE" value="2" />
    <option name="ELSE_ON_NEW_LINE" value="true" />
    <option name="WHILE_ON_NEW_LINE" value="true" />
    <option name="CATCH_ON_NEW_LINE" value="true" />
    <option name="FINALLY_ON_NEW_LINE" value="true" />
    <option name="METHOD_PARAMETERS_LPAREN_ON_NEXT_LINE" value="true" />
    <option name="METHOD_PARAMETERS_RPAREN_ON_NEXT_LINE" value="true" />
    <option name="KEEP_SIMPLE_BLOCKS_IN_ONE_LINE" value="true" />
    <option name="KEEP_SIMPLE_METHODS_IN_ONE_LINE" value="true" />
    <option name="KEEP_SIMPLE_LAMBDAS_IN_ONE_LINE" value="true" />
    <option name="KEEP_SIMPLE_CLASSES_IN_ONE_LINE" value="true" />
    <arrangement>
      <groups>
        <group>
          <type>GETTERS_AND_SETTERS</type>
          <order>KEEP</order>
        </group>
        <group>
          <type>OVERRIDDEN_METHODS</type>
          <order>KEEP</order>
        </group>
      </groups>
    </arrangement>
  </codeStyleSettings>
</code_scheme>